{"cameraMode":{"drawMode":0,"name":"Shaded","section":"Shading Mode"},"sceneLighting":true,"audioPlay":false,"sceneViewState":{"m_AlwaysRefresh":false,"showFog":true,"showSkybox":true,"showFlares":true,"showImageEffects":true,"showParticleSystems":true,"showVisualEffectGraphs":true,"m_FxEnabled":true},"in2DMode":false,"pivot":{"x":21.490116119384767,"y":-7.025631427764893,"z":53.72369384765625},"rotation":{"x":0.06475110352039337,"y":-0.02186405472457409,"z":0.0014400305226445199,"w":0.9977577328681946},"size":39.42213439941406,"orthographic":false}