{"cameraMode":{"drawMode":0,"name":"Shaded","section":"Shading Mode"},"sceneLighting":true,"audioPlay":false,"sceneViewState":{"m_AlwaysRefresh":false,"showFog":true,"showSkybox":true,"showFlares":true,"showImageEffects":true,"showParticleSystems":true,"showVisualEffectGraphs":true,"m_FxEnabled":true},"in2DMode":false,"pivot":{"x":0.5618892908096314,"y":-5.794562816619873,"z":52.96696472167969},"rotation":{"x":0.06475110352039337,"y":-0.02186405472457409,"z":0.0014400305226445199,"w":0.9977577328681946},"size":31.63433265686035,"orthographic":false}